score	sentence_1	sentence_2
1	If the extra equity for the project cannot be found, AustMag directors will have to abandon the project in order to avoid trading while the company is insolvent.	If the extra equity for the project cannot be found, AMC directors will have to abandon it to avoid trading while AMC is insolvent.
1	Then they moved inside the mosque and started firing on the people,'' he told the Associated Press.	Then they moved inside the mosque and started firing on the people.
1	The indictment charges that Mzoudi was involved in preparations for the attack until the end and was aware of and supported the attackers' violent goals.	Prosecutors say Mzoudi was involved in the preparations for the attack until the final moment and that he was aware of and supported the attackers' violent goals.
1	Four people were found shot to death along a highway Tuesday morning and three others were wounded in a possible dispute involving immigrant smuggling, officials said.	Four people were found shot to death along a highway Tuesday and four others were wounded in a dispute that apparently involved immigrant smugglers, officials said.
1	The comment period was to have expired on Monday.	A public comment period on the proposed new taxes will end on Monday.
1	They were among about 40 people attending the traditional Jewish ceremony colored by some non-traditional touches.	He said about 40 people attended the traditional Jewish ceremony colored by some nontraditional touches.
0	The technology-laced Nasdaq Composite Index .IXIC gained 21.35 points, or 1.33 percent, to 1,624.91.	The tech-laced Nasdaq Composite Index .IXIC eased 5.16 points, or 0.32 percent, at 1,590.75, breaking a six-day string of gains.
1	The only other JI member to reveal similar information is Omar al Faruq, now held at a secret location by the United States.	The only other JI member to reveal similar information is Omar al Faruq, now held by the United States at a secret location.
0	Nterprise Linux Services is expected to be available before then end of this year.	Beta versions of Nterprise Linux Services are expected to be available on certain HP ProLiant servers in July.
1	But the company said that its competitors simply were trying to hinder MCI's emergence from bankruptcy.	But the company said over the weekend that its competitors were simply trying to throw up roadblocks to MCIs emergence from bankruptcy.
0	Marjorie Scardino, the chief executive, said: We have one headline.	Pearson, led by Marjorie Scardino, the chief executive, publishes its interim results this week.
0	Friends said Frank Riva worked in construction in Manhattan and recently helped his son get into the construction workers union.	Riva had recently helped his son, Frank Riva Jr., get into a construction workers' union and land a job.
1	Microsoft favors setting up independent e-mail trust authorities to establish and maintain commercial email guidelines, certify senders who follow the guidelines, and resolve customer disputes.	Gates says he wants to see independent e-mail trust authorities who establish and maintain commercial email guidelines, certify senders who follow the guidelines, and resolve customer disputes.
1	Investigators have meticulously looked into virtually every aspect of Campbell's personal and financial affairs, Campbell has acknowledged.	Investigators continue to probe virtually every aspect of Campbell's personal and financial affairs, the former mayor has said.
0	Judge Philpot told Dica: There is no evidence of your remorse.	A judge branded Mohammed Dica's behaviour despicable and added: There is no evidence of your remorse.
0	The dollar's slide against the yen was curbed by wariness that Japanese authorities could intervene to stem the yen's rise.	Despite hefty losses against the euro, the dollar's slide versus the yen was curbed by wariness that Japanese authorities could intervene to stem the yen's rise.
1	Because of the holiday period, the agency will not release data from the period since Dec. 27 until today.	Because of the holidays, CDC is not releasing data from the period since Dec. 27 until today.
0	For the year, Marvell expects revenue of $760 million to $790 million.	Marvell Technology also reported revenue of $168.3 million, exceeding the First Call estimate of $162.6 million.
1	PeopleSoft Inc.'s board of directors on Friday unanimously rejected Oracle Corp.'s revised bid of $19.50 per share.	PeopleSoft Inc.'s board of directors voted unanimously on Friday to recommend that stockholders reject Oracle's upgraded bid for a hostile takeover.
0	The pound also made progress against the dollar, reached fresh three-year highs at $1.6789.	The British pound flexed its muscle against the dollar, last up 1 percent at $1.6672.
1	About 1,557 genes on chromosome 6 are thought to be functional.	The remaining 1,557 genes are believed to be all functional.
0	Accordingly, there needs to be more on the horizon than simply winning a war against terrorism.	There must be more on the horizon than simply winning a war against terrorism, namely, a promise of a better and fairer world.
0	The mother of a Briton held by Colombian guerrillasspoke of her relief yesterday after hearing that he might be freed in the next few weeks.	The parents of a Briton being held hostage by Colombian rebels spoke yesterday of their optimism that he would be freed in time for his birthday next month.
1	All those infected had recent close contact with prairie dogs.	One of those infected reported having recent contact with exotic animals there.
0	Nursing schools turned away more than 5,000 qualified applicants in the past year because of shortages of faculty and classroom space.	The American Association of Nursing Colleges reported that schools turned away more than 5,000 qualified applicants last year.
1	Researchers have identified roughly 130 genes on chromosome six that may predispose humans to certain diseases.	Beck and his team have identified roughly 130 genes that somehow cause or predispose humans to certain diseases.
1	Prince William County prosecutors told a judge yesterday they now want the trial of sniper suspect John Allen Muhammad moved out of the area.	Prosecutors reversed course Friday and said they support moving the murder trial of sniper suspect John Allen Muhammad out of the Washington suburbs.
0	The technology-laced Nasdaq Composite Index <.IXIC> added 1.92 points, or 0.12 percent, at 1,647.94.	The technology-laced Nasdaq Composite Index .IXIC dipped 0.08 of a point to 1,646.
1	My view is these al-Qaeda terrorists - and I believe it was al-Qaeda - would prefer to have many such events.	My view is that these Al Qaeda terrorists -- and I believe it was Al Qaeda -- would prefer to have many such events.
0	The Nasdaq composite index increased 10.73, or 0.7 percent, to 1,514.77.	The Nasdaq Composite index, full of technology stocks, was lately up around 18 points.
1	Appellate courts across the country have issued differing rulings on the issue, allowing public displays of the Ten Commandments in some cases and banning them in others.	Lower courts have splintered on the issue, allowing depictions of the Ten Commandments in some instances and not in others.
1	It held elections in 1990, but refused to recognize the results after Suu Kyi's party won.	It held elections in 1990, but refused to recognise the results when Miss Suu Kyi's National League for Democracy won by a landslide.
0	One of the latest shootings was at a car on Sunday on I-270, Franklin County sheriff's Chief Deputy Steve Martin said.	A car and a house were hit in the new shootings, the chief deputy sheriff of Franklin County, Steve Martin, said.
1	A nationally known computer hacker is being sought on a federal arrest warrant stemming from a sealed complaint in New York, a federal defender in California said Friday.	SACRAMENTO A nationally known itinerant computer hacker faces a federal arrest warrant on a sealed federal complaint in New York, a federal defender in California said Friday.
1	The disagreement over online music sales was disclosed in documents filed last week with the judge and made available by the court yesterday.	The fight over online music sales was disclosed in documents made available Monday by the court.
1	Scruggs, who did not testify, was cleared of a second charge of failing to provide her son with proper medical and psychological care.	The six-member jury cleared Scruggs of a second charge that accused her of failing to provide her son with proper medical and psychological care.
0	I´m very proud of the citizens of this state, Gov. John Baldacci said.	Im very proud of the citizens of this state, said Gov. John Baldacci, a casino foe.
1	Events on our system, in and of themselves, could not account for the widespread nature of the outage, FirstEnergy Chief Executive Peter Burg told the House panel.	Events on our system, in and of themselves, could not account for the widespread nature of the outage, Burg said.
1	Minister Saud al-Faisal visit was disclosed Monday by two administration officials who discussed it on condition of not being identified by name.	Minister Saud al-Faisal's visit was disclosed by two administration officials, who spoke on condition of anonymity.
1	But price declines have remained below 30 percent, year over year, for the last two quarters, said IDC analyst John McArthur.	McArthur told internetnews.com price declines have moderated and remained below 30 percent from the previous year for the last two quarters.
1	Memories also live on of the bloody debacle in Somalia 10 years ago -- the last major US military involvement in Africa.	Memories also live on of a bloody debacle in Somalia a decade ago -- the last major U.S. military involvement in Africa.
1	Palm expects to move Handspring's employees to Palm Solutions headquarters in Milpitas, Calif.	Handspring employees are expected to move to Palm Solutions Group headquarters in Milpitas, Calif.
1	He said they should not really be patrolling or be around those areas when they ... are conducting their prayers.	He said they should not really be patrolling or be around those areas when they are in their time of when they're conducting their prayers.
1	Two of his cousins members of the Jordanian royal family have been mentioned as possible contenders to the throne.	In addition, two of his cousins - members of the Jordanian royal family - have been mentioned as possible competition for the throne.
1	In Las Vegas, agents entered two clubs — Cheetah's and Jaguars — along with Galardi Enterprises, an office atop a bar and pool hall in downtown Las Vegas.	In Las Vegas, federal agents stormed two clubs - Cheetah's and Jaguars - along with Galardi Enterprises, an office atop a bar in downtown.
1	The IRS said taxpayers can avoid undelivered checks by having refunds deposited directly into their checking or savings accounts.	The IRS said taxpayers can avoid problems with lost or stolen refunds by having refunds deposited directly into personal checking or savings accounts.
0	The redesigned Finder also features search, coloured labels for customized organization of documents and projects and dynamic browsing of the network for Mac, Windows and UNIX file servers.	It also supports coloured labels to better organise documents, and dynamic browsing of the network for Mac, Windows and Unix file servers.
0	Mallard's friend, Clete Jackson, and his cousin, Herbert Tyrone Cleveland, pleaded guilty last year to dumping Biggs' body.	That night Jackson and his cousin, Herbert Tyrone Cleveland, went with Mallard to her house.
0	The Thomson First Call consensus was for earnings of 19 cents a share.	Analysts surveyed by Thomson First Call had expected earnings of 19 cents per share in the third quarter.
1	The two other passengers were taken to John Peter Smith and Harris Methodist Fort Worth hospitals with critical injuries.	Two additional passengers were taken to John Peter Smith and Harris Methodist hospitals, both with what was described as critical injuries.
1	In turn SuSE will license Java 2 Standard Edition while also formalising an existing agreement to distribute Sun's Java Virtual Machine for running Java applications.	Nuremberg, Germany-based SuSE will license Sun's Java 2 Standard Edition (J2SE) and ship Sun's Java Virtual Machine across its Linux software line.
1	The agreement resolves a lawsuit AOL filed against Microsoft in January 2002 on behalf of its subsidiary, Netscape Communications.	The legal settlement resolves the private anti-trust lawsuit filed against Microsoft in January 2002 by AOL Time Warner's America Online unit on behalf of its Netscape subsidiary.
1	There's also a flaw that results because IE does not implement an appropriate block on a file download dialog box.	The second vulnerability is a result of IE not implementing a block on a file download dialog box.
1	The dollar gained against the euro, yen and Swiss franc after September U.S. retail sales figures came in slightly weaker than consensus forecasts.	The greenback rose steeply against the euro, yen and Swiss franc despite weaker-than-expected September U.S. retail sales figures.
0	Their worst-case scenario is the accidental deletion or malicious falsification of ballots from the 1.42 million Californians who could vote on electronic touch-screen machines.	Their worst-case scenario is the accidental deletion or malicious falsification of ballots from the 1.42 million Californians voting electronically - 9.3 percent of the state's 15.3 million registered voters.
1	In January 1996, two of his nude models were arrested atop of a Manhattan snowdrift, posed beneath an ice-cream parlor sign that advertised Frozen Fantasies.	On Jan. 12, 1996, two of his nude models were arrested atop of a Manhattan snowdrift, posed beneath an ice-cream parlor sign that advertised Frozen Fantasies.
1	A big surge in consumer confidence has provided the only positive economic news in recent weeks.	Only a big surge in consumer confidence has interrupted the bleak economic news.
1	On the Mediterranean coast of neighboring Turkey, Iraqi, U.S. and Turkish officials gathered in the port of Ceyhan for a ceremony launching the shipment.	In neighboring Turkey, Iraqi, U.S. and Turkish officials gathered at the Mediterranean port of Ceyhan for a ceremony launching the shipment.
0	Miodrag Zivkovic, of the Liberal Alliance of Montenegro, won 31 percent of the vote, while the independent Dragan Hajdukovic got 4 percent.	A pro-independence radical, Miodrag Zivkovic, of the Liberal Alliance, came in second with 31 percent of the vote.
0	The chain operates more than 3,400 stores, and has annual revenue of about $15.8 billion.	The chain, which has been under new management since late 1999, has more than 3,400 stores and $15.8 billion in annual revenue.
1	Like-for-like sales for the 17 weeks to 27 December were flat, while the gross margin fell by 2 percentage points, the company said.	UK retail like-for-like sales for the 17 weeks to December 27 were flat, with gross margin down two percentage points.
1	The FBI is trying to determine when White House officials and members of the vice president's staff first focused on Wilson and learned about his wife's employment at the CIA.	The FBI is trying to determine when White House officials and members of the vice president’s staff first focused on Wilson and learned about his wife’s employment at the agency.
0	Harry Potter and the Order of the Phoenix, by J.K. Rowling, Scholastic, 870 pages, $29.99.	In ''The Order of the Phoenix,'' Harry is 15, and fully a teenager at last.
0	Daniel said it takes about two hours and 15 minutes to drive from his home to Nashville.	Daniel said D'Antonio left between 7:15 p.m. and 8 p.m and it takes about two hours to drive from his home to Nashville.
1	The two blond opponents appeared almost identical in matching powder-blue outfits – to their dismay.	The two blond opponents appeared almost identical because they wore matching powder-blue outfits - to their dismay.
1	Under the U.S. Constitution, the other chamber of Congress, the House of Representatives, does not vote on foreign alliances.	The U.S. House of Representatives, the other chamber of Congress, does not vote on treaties.
0	Washington, however, said more was needed to prevent complaints being filed in the first place.	But the US insisted it wanted more done to prevent complaints being filed in the first place, preferably by repealing the entire law.
1	The risk of inflation becoming undesirably low remains the predominant concern for the foreseeable future, the Fed said in a statement accompanying the unanimous decision.	The risk of inflation becoming undesirably low remains the predominant concern for the foreseeable future, the policy-setting Federal Open Market Committee said.
0	The broader Standard & Poor's 500 Index <.SPX> gained 3 points, or 0.39 percent, at 924.	The technology-laced Nasdaq Composite Index .IXIC rose 6 points, or 0.41 percent, to 1,498.
1	Hunt's attorneys filed a motion late Monday in Forsyth Superior Court to have Hunt's murder conviction thrown out.	Hunt's attorneys filed a motion Monday seeking to have Hunt's conviction thrown out based on the new evidence.
1	Progress Software plans to acquire privately held DataDirect Technologies for about $88 million in cash, the companies said Friday.	Progress Software Corp. is acquiring DataDirect Technologies Ltd., a privately held supplier of data-access software, for approximately $88 million, the companies said Friday.
1	That risk, described as minor, remains the predominant concern for the foreseeable future, the statement released after the Fed meeting said.	The risk of inflation becoming undesirably low remains the predominant concern for the foreseeable future, the policy-setting Federal Open Market Committee said.
1	Senate Majority Leader Bill Frist, a Tennessee Republican, said he intended to work to get the loan provision removed from the final bill.	Senate Majority Leader Bill Frist, a Tennessee Republican, said he intended to work to see that the loan provision was not in the final bill.
0	There are an estimated 25,000 to 28,000 tribal fighters in the region, with thousands deployed in and around the town.	Bunia has about 750 U.N. troops, compared with an estimated 25,000 to 28,000 tribal fighters in the region, with thousands deployed in and around Bunia.
1	The consensus estimate of analysts polled by Thomson First Call called for a profit of $1.70 per share.	Analysts polled by Reuters Research, a unit of Reuters Group Plc, on average forecast profit of $1.69 per share.
1	E Ink is one of several groups trying to develop electronic paper for e-newspapers and e-books, and other uses - even clothing with computer screens sewn into it.	E Ink is one of several companies working to develop electronic paper for e-newspapers and e-books, and other possible applications _ even clothing with computer screens sewn into it.
1	We have some small opportunities in November and maybe January, Mr. Parsons said optimistically.	I think we have some opportunities -- some small opportunities -- in November and possibly January, he said.
1	Lee said Brianna had dragged food, toys and other things into the bedroom.	Lee, 33, said the girl had dragged the food, toys and other things into her mother's bedroom.
1	The company had an operating loss of $56.7 million in the first half of 2003.	In the first half of this year, the company lost $56.7 million.
1	I think the financial diplomacy here of the sort that we are engaged in is the surest course to get the result we want.	The financial diplomacy we're engaged in is the surest course to get what we want, Mr. Snow said.
0	The dollar was last at $1.1149 to the euro, close to its strongest level since April 30.	The dollar pushed as high as $1.1115 to the euro in early trade, extending Tuesday's one percent rally to hit its strongest level since April 30.
0	Civilian reservists also could be sent overseas for jobs such as the reconstruction of Afghanistan and Iraq.	Civilian reservists also could be sent overseas for jobs such as reconstruction in Afghanistan and Iraq, working in positions from translator to truck driver.
1	Today, we are trying to convey this problem to Russian President Vladimir Putin and US President George W Bush.	Today, we are trying to convey this problem to Russian President Vladimir Putin (news - web sites) and President Bush (news - web sites).
0	A judge stayed an injunction against RIM that would have prevented it from selling the Blackberry device and services in the United States.	NTP also said it would seek an injunction preventing RIM from selling the BlackBerry in the United States.
1	Senate Armed Services Committee Chairman Sen. John Warner, R-Va., is also considering a look into the issue.	Senate Armed Services Committee Chairman John Warner, R-Va., said he plans hearings.
1	Meanwhile, rival contender, General Electric's NBC, submitted a letter of interest, a source familiar with the matter said.	Other contenders included General Electric's GE.N NBC, which submitted a letter of interest, a source familiar with the matter said.
1	The broader Standard & Poor's 500 Index .SPX gained 3 points, or 0.39 percent, at 924.	The technology-laced Nasdaq Composite Index <.IXIC> rose 6 points, or 0.41 percent, to 1,498.
1	Telemarketers argue that there is no logical link between the registry's limited scope and advancing that interest.	Lawyers for the telemarketers said there was no logical connection between the registry's limited scope and advancing that interest.
1	Germany, another opponent of the war currently on the U.N. Security Council, has moved closer to the United States, and did not insist on a timetable Monday.	Germany, another opponent of the war currently on the U.N. Security Council, in recent weeks has moved closer to Washington and did not insist on a timetable.
1	Authorities said the bodies of a man and woman were recovered on Friday from a camping ground in nearby Devore, where a wall of mud destroyed 32 caravans.	Two other bodies were recovered on Friday from a campground in nearby Devore, where a wall of mud destroyed 32 trailers.
1	The legal ruling follows three days of intense speculation Hewlett-Packard Co. may be bidding for the company.	The legal ruling follows three days of wild volatility in RIM's stock over speculation that PC giant Hewlett-Packard Co. may be bidding for the company.
1	Freddie Mac shares were down more than 16 per cent at $50.18 at midday yesterday.	Freddie Mac shares were off $7.87, or 13.2 percent, at $52 in midday trading on the New York Stock Exchange.
0	Three Federal Reserve speakers and the Fed's anecdotal summary of U.S. economic conditions could help firm expectations.	At 1800 GMT, the Federal Reserve issues its Beige Book summary of U.S. economic conditions.
1	Meat giant Smithfield Foods Inc. has won a bidding war to buy a bankrupt Midwestern pork producer.	Pork processing giant Smithfield Foods Inc. said Monday that it won the bidding in an auction for bankrupt Farmland Industries Inc.'s pork business.
1	They fear the treatment would leave 12-year-old Parker Jensen sterile and stunt his growth.	The Jensens have said they fear the treatment would stunt Parker's growth and leave him sterile.
1	Gov. Don Carcieri said the ruling shows that state taxation laws apply on the tribe's sales activities.	Gov. Don Carcieri said the ruling shows that state taxation laws apply to any tribal activity.
1	Emmy and Golden Globe Award-winners James Brolin and Judy Davis star as Ronald and Nancy Reagan in The Reagans.	James Brolin and Judy Davis play Ronald and Nancy Reagan in the CBS film.
0	The technology-laced Nasdaq Composite Index <.IXIC> declined 16.68 points, or 1.01 percent, at 1,636.94.	The broader Standard & Poor's 500 Index .SPX eased 7.57 points, or 0.76 percent, at 990.94.
0	Of 456 women who had experienced stress, 24 (5.3%) had developed breast cancer.	Of the unstressed women, 23 developed breast cancer and 871 did not.
0	The driver, Eugene Rogers, helped to remove children from the bus, Wood said.	At the accident scene, the driver was covered in blood but helped to remove children, Wood said.
0	A BMI of 25 or above is considered overweight; 30 or above is considered obese.	A BMI between 18.5 and 24.9 is considered normal, over 25 is considered overweight and 30 or greater is defined as obese.
1	They did not read footnotes in a 90-page document, said the official, referring to the section that contained the State Department's dissent.	They did not read footnotes in a 90-page document, he said, referring to the annex.
0	Think Dynamics, which is based in Toronto, will become part of IBM's Software Group.	The 36 employees at Think Dynamics will remain in Toronto and become IBM employees, Crowe said.
1	Many compensation experts had predicted Carty would get a generous severance deal because his voluntary resignation helped keep the concessions deals in place.	Many compensation experts had predicted that Carty would get a generous severance package because his voluntary resignation helped preserve the concessions, the Fort Worth Star-Telegram reported.
1	New cases of SARS might continue to appear, the authors write ominously, until the stratospheric supply of the causative agent becomes exhausted.	New cases might continue to appear until the stratospheric supply of the causative agent becomes exhausted, they said.
1	The American Film Institute recently named her the top female screen legend.	In 1999 the American Film Institute named Hepburn as the 20th century's greatest screen actress.
0	Wall Street analysts expect 2004 revenue of $28.15 billion.	Analysts' average forecast was $4.02 per share on revenue of $25.56 billion.
1	The suit is to be filed against Secretary of State Kevin Shelley and election officials in Los Angeles, Orange and San Diego counties.	The lawsuit names Shelley, a Democrat, and registrars in Los Angeles, Orange and San Diego counties.
1	US troops encountered fire from rocket-propelled grenades, mortars, and small arms coming from bunkers and buildings.	The U.S. troops encountered fire from rocket propelled grenades, mortars and small arms originating from bunkers as well as within and atop surrounding buildings.
1	The layoffs at Eddie Bauer headquarters were dispersed across the company and at all levels, spokeswoman Lisa Erickson said.	The eliminations at Eddie Bauer come at all divisions and levels of the company, said Eddie Bauer spokeswoman Lisa Erickson.
1	Three retailers Dillards Inc., Kohls Department Stores and Nordstrom Inc. got Fs.	Three retailers _ Dillard's Inc., Kohl's Department Stores and Nordstrom Inc. _ got Fs.
1	The Republic of Korea was found to lead the way in broadband penetration, with approximately 21 broadband subscribers for every 100 inhabitants.	Not surprisingly, broadband nation Korea leads the way in broadband penetration, with approximately 21 broadband subscribers for every 100 inhabitants.
1	But Close wondered whether the package would be worth the cost of licensing the third-party software, along with Salesforce.com's rental price.	Close also questions whether it would be worth the cost of licensing third-party software, along with Salesforce.com's rental price.
1	Tom Kraynak, manager of operations and resources for the Canton, Ohio-based East Central Area Reliability Council, said that scenario is one among many that investigators are considering.	Tom Kraynak, manager of operations and resources for the Canton, Ohio-based East Central Area Reliability Council, said investigators are considering the scenario.
0	Utah's median household income also took a hit, falling 1.8 percent, from $48,875 to $47,978.	Georgia's median household income dropped about 0.9 percent to $43,096 -- a $408 dip.
0	We haven't decided whether to use an unbroken or dotted white line, but this is an experiment worth introducing, said David Richardson, the ICC's cricket manager.	We haven't decided whether to use an unbroken or dotted white line, said Dave Richardson, the ICC's cricket manager.
1	The message is: If an individual is thinking of getting a flu shot, they shouldn't wait.	The message to the public is: If you are thinking of getting a flu shot, don't wait any longer, he said. 
0	Glover said the killer used a peculiar slipknot on the ligature he used to strangle some of the victims.	Glover said the killer used a ``peculiar slipknot,'' including a coaxial cable and an extension cord, to strangle some of the victims.
1	But Amrozi did not reveal and was not asked the company's or his boss's name.	Amrozi did not reveal, and was not asked, the identity of his boss.
0	Associated Press Writers Michelle Morgante in San Diego and Ken Ritter in Las Vegas contributed to this article.	Associated Press Writer Ken Ritter in Las Vegas contributed to this article.
1	Kahuku Ranch has world - class qualities - tremendous resources, tremendous beauty and tremendous value to global biodiversity.	Kahuku Ranch has world-class qualities—tremendous resources, tremendous beauty and tremendous value to global biodiversity, he said.
0	Metropolitan Ambulance spokesman James Howe said five people were taken to hospital and three were treated at the scene after yesterday's incident.	Spokesman James Howe said five children aged between 4 and 17 were taken to hospital with neck and chest injuries, while three others were treated at the scene.
1	Justice John Paul Stevens compared the interrogation of Martinez to an attempt to obtain an involuntary confession from a prisoner by torturous methods.	Writing for the minority, Justice John Paul Stevens said the interrogation was akin to an attempt to obtain an involuntary confession from a prisoner by torturous methods.
0	The patch also fixes a vulnerability that results because IE does not implement an appropriate block on a file download dialog box.	The second vulnerability is a result of IE not implementing a block on a file download dialog box.
0	Swedish telecom equipment maker Ericsson (nasdaq: QCOM - news - people) scrambled up $2.19, or almost 12 percent, to $20.59.	Telecom equipment maker Lucent Technologies Inc. (nyse: QCOM - news - people) rallied 43 cents, or 12.3 percent, to $3.95.
1	In 2001, President Bush named Kathleen Gregg one of six appointees to the Student Loan Marketing Association, the largest US lender for students.	In 2001, President Bush named her to the Student Loan Marketing Association, the largest U.S. lender for students.
1	Microsoft is preparing to alter its Internet Explorer browser, following a patent verdict that went against the company, Microsoft said Friday.	Microsoft Corp. is preparing changes to its Internet Explorer (IE) browser because of a patent verdict against it, the company said Friday.
1	Wal-Mart, the nation's largest private employer, has expanded its antidiscrimination policy to protect gay and lesbian employees, company officials said Tuesday.	Wal-Mart Stores Inc., the nation's largest private employer, will now include gays and lesbians in its anti-discrimination policy, company officials said Wednesday.
0	The United States has accused Iran of masking plans to make nuclear weapons behind a civilian nuclear programme.	The United States has repeatedly accused Iran of trying to develop nuclear weapons.
1	Bush also said he plans to meet with scientists and legal experts and will not make a determination on the bill for a few more weeks.	Bush said he plans to meet with scientists and legal experts and will not decide the bill's fate for a few more weeks.
1	The losses occurred overnight in Willow Canyon, one of three areas in the Santa Catalina Mountains threatened by the 2-week-old fire that already had blackened 70,000 acres.	The losses occurred overnight in Willow Canyon, one of three areas in the Santa Catalina Mountains threatened by the resurgent Aspen fire.
1	On Monday, Christian Ganczarski was apprehended at the airport and was to appear before an anti-terrorism judge soon, the officials said.	On Monday, Christian Ganczarski was apprehended at the airport and was to appear before an anti-terrorism judge in the coming days, the officials said on condition of anonymity.
1	If I was diagnosed today with CJD, I would ensure I received this treatment as soon as humanly possible.	He added that if he were diagnosed with vCJD I would ensure I received this treatment as soon as humanly possible.
1	Powers said almost all supercomputer users would rather pay companies like IBM to do all that than try to build their own.	Powers said almost all supercomputer users would rather pay the $100,000 to $10 million for a supercomputer than try to build their own.
1	Bush's aides describe Omaha as the most crucial stop, since Sen. Ben Nelson (D-Neb.) has become their top lobbying target on the tax cut package.	Bush's aides describe Omaha as the most crucial stop, since Senator Ben Nelson, Democrat of Nebraska, has become their top lobbying target on the tax-cut package.
0	It cut taxes while balancing the budget for three years and reduced Europe's second highest per capita national debt.	It cut taxes while still balancing the budget for three years and bringing down Europe's highest national debt as a proportion of gross domestic product after Italy.
0	PowderJect is roughly 20 percent owned by CEO Drayson, a high-profile UK businessman, and his family.	PowderJect, roughly 20 percent owned by Chief Executive Paul Drayson and his family, reported surging annual profit early this month.
1	Speaking for the first time yesterday, Brigitte's maternal aunt said his family was unaware he had was in prison or that he had remarried.	Brigitte's maternal aunt said his family was unaware he had been sent to prison, or that he had remarried in Sydney.
1	While a month's supply of aspirin can cost less than $10, the equivalent amount of ticlopidine can run significantly more than $100.	While a month's supply of aspirin can cost under $10, the equivalent amount of ticlopidine can run well over $100.
1	Overture's listings are generated by more than 100,000 advertisers who bid for placement on keywords relevant to their business.	Overture generates its search listings from more than 100,000 advertisers who bid for placement on keywords relevant to their business.
1	He said Qantas would also cut capital spending by retiring some aircraft and deferring delivery of some new planes.	It would also further reduce capital expenditure by retiring some aircraft and delaying the delivery of new places.
1	Stewart said she intends to declare her innocence and proceed to trial if she is indicted, her lawyer said in a statement.	Stewart intends to declare her innocence if indicted and proceed to trial, her lawyer said.
0	In its quarter ended May 30, Adobe earned $64.25 million, or 27 cents a share.	That was up from the year-ago quarter, when the company earned $54.3 million, or 22 cents a share.
1	The company has expanded into providing other services for buyers, including payment services.	The company has expanded those basic services, offering payment and even financing.
1	One of the FBI’s key operatives, who had a falling out with the bureau, provided an account of the operation at a friend’s closed immigration court proceeding.	One of the FBI's key operatives, who has had a falling-out with the bureau, provided an account of the operation at a friend's closed immigration court proceeding.
1	The reasons behind the increase in incidence are more complex and we are only just beginning to understand the risk factors, he said.	However, he said, The reasons behind the increase in incidence are more complex and were just beginning to understand the risk factors.
1	By its actions, the Bush administration threatens to give a bad name to a just war, the Connecticut Democrat told a Capitol Hill news conference.	By its actions, Lieberman said, the Bush administration threatens to give a bad name to a just war.
0	From that point until costs reached $5,300, the individual would pay 100 percent of the bill.	Above that, Medicare would pay 90 percent of all drug costs.
1	Two Americans killed in a recent ambush in Afghanistan were contract employees of the CIA, the agency said Tuesday.	Two CIA operatives have been killed in an ambush in Afghanistan, the CIA said yesterday.
1	When the butterflies were exposed to constant light, they flew directly towards the sun, presumably because they no longer had any sense of time.	And when butterflies were exposed to constant light, they flew directly toward the sun, apparently having lost their sense of time.
1	Cmdr. Rod Gibbons, an academy spokesman, said, The academy is shocked and saddened.	Naval Academy spokesman Cmdr. Rod Gibbons said: ``Today's announcement came as a surprise.
1	At about 3 p.m. on Friday, a relative of Bondeson called police to report his apparent suicide.	Two hours later, at 3:22 p.m., a relative contacted police to report a suicide.
0	I'm disgusted, physically sick in the stomach, said Brent Newbury, president of the Rockland County Patrolmen's Benevolent Association.	The whole thing is a travesty, fumed Brent Newbury, president of the Rockland County Patrolmen's Benevolent Association.
1	Available in June, Bare Metal Restore 4.6 costs $900 per Windows client and $1,000 per Unix client for new customers.	Bare Metal Restore 4.6 will be available in mid-June, said Veritas, and will cost $900 per Windows client and $1,000 per Unix client.
0	General Wesley Clark finally confirmed this week that he would seek the Democratic nomination to run against President George Bush in next year's presidential elections.	Retired General Wesley Clark's entry into the race for the Democratic presidential nomination will almost certainly strengthen anti-war forces determined to unseat US President George W Bush next year.
1	Bombardier and Embraer will each deliver 85 jets by September 2006, U.S. Airways said in a release.	The Bombardier and Embraer aircraft will be delivered to U.S. Airways by September 2006.
1	The company said it would issue revised guidance for the full fiscal year next month when it releases its Q2 results.	The company said it would renew its guidance for 2003 when it announces its second quarter results in mid-July.
0	At 10 p.m., Odette was centered about 295 miles south-southeast of Kingston, Jamaica, and was moving northeast near 8 mph.	At 10 p.m. Thursday, Odette was about 295 miles south-southeast of Kingston, Jamaica and about 900 miles south-southeast of Palm Beach.
1	All along, we were basing our decisions on the best information that we had at the time, she said.	She insisted that throughout the mission, managers were basing our decisions on the best information that we had at the time.
1	Gasps could be heard in the courtroom when the photo was displayed.	Gasps could be heard as the photo was projected onto the screen.
1	People who are high in positive emotions sleep better, they have better diets, they exercise more, they have lower levels of these stress hormones, Cohen said.	Happy people sleep better, have better diets, exercise more and have less levels of stress hormones, Cohen said.
1	Rescue workers arriving to February's deadly fire at a West Warwick nightclub met a horrific scene, as people trapped in the club's doorway screamed for help.	Rescue workers arriving at February's deadly nightclub fire met a horrific scene, as people trapped in the club's doorway screamed for help, rescue tapes released Thursday show.
1	It was never our intention to sell the product, said Health Minister Anne McClellan, a skeptic of medical marijuana use.	It was never the intention of us to sell product, federal Health Minister Anne McLellan said yesterday in Edmonton.
0	BOB HOPE, master of the one-liner and Americas favourite comedian, died with a smile on his face yesterday just months after celebrating his 100th birthday.	Bob Hope, the master of one-line quips, died Sunday night with a smile on his face, his daughter said yesterday.
0	The 30-year bond <US30YT=RR> firmed 24/32, taking its yield to 4.18 percent, after hitting another record low of 4.16 percent.	The 30-year bond US30YT=RR firmed 14/32, taking its yield to 4.19 percent from 4.22 percent.
1	A Trillian representative did not return an e-mail requesting comment.	The representative did not return calls seeking additional comment.
1	Genetic studies of ethnic groups raise concerns because of fears that they could be used or distorted to justify discrimination against a group or to promote stereotypes.	Geneticists cite fears that ethnic-based research would be used or distorted to justify discrimination against a group or to promote racial stereotypes.
1	Suspected rebels also blew up an oil pipeline in north-east Colombia.	Also Sunday, suspected rebels dynamited an oil pipeline in northeast Colombia.
1	Geoghan, 68, was taken to Leominster Hospital, where he was pronounced dead at 1:17 p.m.	Mr. Geoghan was taken to the University of Massachusetts Memorial Health Alliance Hospital in Leominster, Mass., where he died at 1:17 p.m.
0	Dotson was arrested Monday in his native Maryland and charged with murder.	Dotson, 21, was subsequently charged with Dennehy's murder.
0	And if that ain't a Democrat, then I must be at the wrong meeting.	If that ain't a Democrat, then I must be at the wrong meeting, he said to a standing ovation.
1	President George W. Bush and top administration officials cited the threat from Iraq's banned weapons programs as the main justification for going to war.	President Bush and top officials in his administration cited the threat from Iraq's alleged chemical and biological weapons and nuclear weapons program as the main justification for going to war.
1	The men were remanded in custody and are due to appear again before court on July 8.	They were remanded in custody and will appear in court again on July 8.
0	This child was literally neglected to death, Armstrong County District Attorney Scott Andreassi said.	Armstrong County District Attorney Scott Andreassi said the many family photos in the home did not include Kristen.
0	The indictment supercedes a criminal complaint filed against Quattrone on April 23 with similar charges.	The indictment follows a criminal complaint filed by federal prosecutors on April 23.
1	In March, Rowland's former deputy chief of staff pleaded guilty to accepting gold and cash in return for steering state contracts.	Lawrence E. Alibozek, his former deputy chief of staff, pleaded guilty to accepting cash and gold coins in exchange for influencing state contracts.
1	Instead of being reprimanded by court security officers, a smiling senior policeman shook hands with Mr Laczynski and patted him on the shoulder.	Instead of being reprimanded by court security officers, a senior policeman smiled and shook Mr Lacsynski's hand and patted him on the shoulder.
1	AAA spokesman Jerry Cheske said prices may have affected some plans, but cheap hotel deals mitigated the effect.	AAA spokesman Jerry Cheske said prices might have affected some plans, but cheap hotel deals made up for it.
1	Since June of last year the Red Cross has spent $114 million on disasters, but taken in only $40 million in donations.	Between July 1, 2002 and June 30, 2003, the Red Cross spent $114 million on disaster relief, while taking in only $39.5 million.
1	His 1996 Chevrolet Tahoe was found abandoned June 25 in a Virginia Beach, Va., parking lot.	His sport utility vehicle was found June 25, abandoned without its license plates in Virginia Beach, Va.
0	President Bush on Saturday became the first American president to address a joint session of the Philippine National Congress since Dwight Eisenhower in 1960.	But success requires more than American assistance, Bush said in the first speech to a joint session of Philippine Congress by a U.S. president since Dwight Eisenhower in 1960.
0	The NEA report, the Status of the American Public School Teacher, aims to help education groups shape their agendas.	The NEA report, Status of the American Public School Teacher, aims to help education groups shape their agendas and mold the country's image of teachers.
1	Random testing of security procedures should also take place.	Security assessments of these facilities should take place every three years.
1	GBI spokesman John Bankhead said the murder scenes showed that the killer was very methodical.	Georgia Bureau of Investigation spokesman John Bankhead said the crime scenes indicated that the killer was very methodical.
1	Officials developed plans to burn about 2,000 acres of dense forest near the park's southwest border by dropping incendiary devices, hoping to burn off fuel from the wildfire's path.	Officials tentatively planned to burn about 2,000 acres of dense forest by dropping incendiary devices from the air, aiming to remove fuel from the wildfire's path.
1	Earlier, he told France Inter-Radio, I think we can now qualify what is happening as a genuine epidemic.	I think we can now qualify what is happening as a genuine epidemic, Health Minister Jean-Francois Mattei said on France Inter radio.
0	It features a 4K color screen and 40-tone polyphonic sound with exchangeable Style-Up front panels.	The Z200 features a color screen and 40-tone polyphonic sounds.
0	The Nasdaq had a weekly gain of 17.27, or 1.2 percent, closing at 1,520.15 on Friday.	The tech-laced Nasdaq Composite .IXIC rallied 30.46 points, or 2.04 percent, to 1,520.15.
1	The court expects that 25 years from now, the use of racial preferences will no longer be necessary, O'Connor wrote.	O'Connor wrote, We expect that 25 years from now, the use of racial preferences will no longer be necessary.
1	Such a letter indicates the government intends to pursue an indictment and believes it has substantial evidence to support an indictment, the company said.	The Kenilworth-based company said it believes the letter shows that the government plans to pursue a criminal indictment and likely has substantial evidence supporting an indictment.
0	The broader Standard & Poor's 500 Index ended up 1.03 points, or 0.10 percent, at 998.51, ending at its highest since late June 2002.	The broader Standard & Poor's 500 Index .SPX was off 1.67 points, or 0.17 percent, at 995.81.
0	His coalition also passed some of the world's most progressive laws in legalizing gay marriage and euthanasia and decriminalizing the personal use of soft drugs.	The coalition passed some of the world's most progressive social legislation, legalising gay marriage and euthanasia.
1	The technology-laced Nasdaq Composite Index .IXIC was down 27.13 points, or 1.64 percent, at 1,626.49, based on the latest data.	The technology-laced Nasdaq Composite Index <.IXIC> declined 25.78 points, or 1.56 percent, to 1,627.84.
1	Government workers trapped in a burning downtown office tower frantically dialed 911 as they tried to make their way through smoke-filled staircases and hallways, officials said.	Some people trapped in a burning high-rise building in Chicago's Loop business district frantically dialed 911 for help in escaping the smoke-filled staircases and hallways, officials said.
1	St. Paul Chairman and Chief Executive Jay S. Fishman, 51, will be CEO of the combined company.	Jay Fishman, 51, chairman and chief executive of St Paul, will be chief executive of the combined company.
1	The lawsuit, filed after a 19-month investigation by the Employee Benefits Security Administration, names Lay and Skilling among others.	The lawsuit, filed after a 19-month investigation by the Employee Benefits Security Administration, names former Enron Chairman Kenneth Lay and former chief executive Jeff Skilling, among others.
1	Sylvan Shalom, the Israeli Foreign Minister, said there was a possibility that Mr Bush “will come to this area”.	Shalom said there was also a possibility that the president will come to this area.
1	July Brent rose 31 cents to $28.39 per barrel on London's International Petroleum Exchange.	Brent crude for July delivery fell 38 cents to $27.45 a barrel on London's International Petroleum Exchange.
1	British-based GlaxoSmithKline Plc said earlier this year it would cut off supplies to Canadian drugstores that ship to the United States.	GlaxoSmithKline, the UK drugmaker, has said it would cut off supplies to Canadian stores shipping drugs to the US.
1	Rep. Dennis Kucinich of Ohio is expected to raise more than $1 million.	Ohio Rep. Dennis Kucinich passed $1 million last week and was still counting money.
0	Mr McDevitt has been granted control of three crucial aspects of policing in the Solomons.	Mr McDevitt has been granted control of three aspects of policing by Commissioner William Morrell.
1	Another soldier died and three were wounded when their vehicle hit a land mine or a piece of unexploded ordnance in Baghdad, a military statement said Tuesday.	Also Monday, one soldier died and three were wounded when their vehicle hit a land mine or a piece of unexploded ordnance in Baghdad.
0	He is a brother to three-year-old Mia, from Kate's first marriage, to film producer Jim Threapleton.	Winslet, 28, has a three-year-old daughter Mia by her first husband, British film producer Jim Threapleton.
1	O'Keefe declined to discuss whether such photos from spy satellites might have been able to detect the small crack in the wing.	O'Keefe declined to discuss whether such photos would have enough resolution to detect small cracks in the wing panels.
1	The specific product that is the subject of the petition, 6000 series aluminium alloy rolled plate, is used for general-purpose engineering, tooling and die applications.	At the center of the petition is a 6000 series aluminum alloy rolled plate that is used for general-purpose engineering, tooling and die applications.
0	The Nasdaq composite index inched up 1.28, or 0.1 percent, to 1,766.60, following a weekly win of 3.7 percent.	The technology-laced Nasdaq Composite Index .IXIC was off 24.44 points, or 1.39 percent, at 1,739.87.
1	The technology-loaded Nasdaq Composite Index .IXIC added 0.35 of a point, or 0.02 percent, to 1,662.	The Nasdaq Composite Index .IXIC rose 17.48 points, or 1.06 percent, to 1,661.51, based on the latest available figures.
1	On Thursday, authorities evacuated residents who live in the canyon and closed off the road leading there.	Authorities evacuated residents and closed off the road leading to Waterman Canyon.
0	Morrill's wife, Ellie, sobbed and hugged Bondeson's sister-in-law during the service.	At the service Morrill's widow, Ellie, sobbed and hugged Bondeson's sister-in-law as people consoled her.
0	The same three Response Team members also met with Monsignor Grass, who while manifestly repentant, admitted that the allegations were true.	Monsignor Grass ... while manifestly repentant, admitted that the allegations were true, the statement said.
0	He also could be barred permanently from the securities industry.	Young faces a fine, suspension or being permanently barred from the securities industry.
1	Schering-Plough shares fell 72 cents to close at $18.34 on the New York Stock Exchange.	The shares fell 72 cents, or 3.8 percent, to $18.34 Monday on the New York Stock Exchange.
0	Woodley, who underwent a liver transplant in 1992, died of liver and kidney failure.	Mr. Woodley died Sunday at age 44 of liver and kidney failure in his native Shreveport, La.
0	The civilian unemployment rate improved marginally last month -- slipping to 6.1 percent -- even as companies slashed payrolls by 93,000.	The civilian unemployment rate improved marginally last month _ sliding down to 6.1 percent _ as companies slashed payrolls by 93,000 amid continuing mixed signals about the nation's economic health.
1	Microsoft presented several options at the meeting, the consortium said in the statement.	Microsoft officials presented several options it is considering, the W3C posting said.
0	Regardless, its first quarter saw a profit of $721 million, or 29 cents, on revenue of $17.9 billion.	Analysts expected earnings of 27 cents a share on revenue of $17.7 billion, Thomson First Call says.
1	The dollar was also helped by concerns about possible yen- selling intervention by Japanese authorities.	The dollar was helped on Friday by talk of yen-selling intervention by Japanese authorities on Thursday and Friday.
1	A DOD team is working to determine how hackers gained access to the system and what needs to be done to fix the breach.	A DoD team is on site to determine how this happened and what needs to be done to fix the breach, the release stated.
1	The artists say the plan will harm French culture and punish those who need help most--performers who have a hard time lining up work.	Artists are worried the plan would harm those who need help most - performers who have a difficult time lining up shows.
1	The test was conducted by the University of California at Los Angeles and Riverside and was paid $450,000 from the ARB.	The test, conducted by UCLA and UC Riverside, was paid for with $450,000 from the ARB.
1	Immediately after the blast, people portraying some of the 150 victims stumbled amid the wreckage as emergency vehicles converged on the scene.	Immediately after the small explosion, people portraying victims stumbled amid the wreckage as fire trucks and other emergency vehicles converged.
0	We need to change old habits and seriously rethink business-as-usual.	He urged employees to avoid complacency and to change old habits and seriously rethink business-as-usual.
1	September and third quarter data confirm that demand in the global semiconductor market is rising briskly, said George Scalise, president of the SIA.	September and third-quarter data confirm that demand in the global semiconductor market is rising briskly, George Scalise, the SIA's president, said in the statement.
0	A representative for Phoenix-based U-Haul declined to comment on the case before the judge's opinion was released.	Anthony Citrano, a representative for WhenU, declined to comment on the case.
1	Mr Abbas said: Every day without an agreement is an opportunity that was lost.	His Palestinian counterpart, Mahmoud Abbas, replied that every day without an agreement is an opportunity that was lost.
1	Mr. Grassley and Mr. Baucus rejected any disparity in drug benefits.	Grassley and Baucus said they had rejected that approach in their plan.
1	On Wednesday, Judge Pollack dismissed another case, this one against Merrill Lynch investors in the firm's Global Technology Fund.	On Wednesday, Judge Pollack dismissed a similar class-action lawsuit filed by investors who lost money in Merrill's Global Technology fund.
0	Mr. Hampton had been living at a residence for AIDS patients in Beth Israel Hospital.	Hampton, 39, died in Beth Israel Hospital, Tipograph said.
1	Leon Williams' body was found inside his third-floor apartment at 196 Bay St., in Tompkinsville.	The dead man, Leon Williams, was found in his third-floor apartment.
0	The commission must work out the plan's details, but the average residential customer paying $840 a year would get a savings of about $30 annually.	An average residential customer paying $840 a year for electricity could see a savings of $30 annually.
1	We believe them to be without merit, and will defend ourselves vigorously.	We believe it is without merit and we will defend ourselves rigorously.
1	State media said there were at least 770 dead and over 5,600 injured.	The latest toll given by officials to state media was 643 dead and over 4,600 injured.
1	Revenue in the first quarter of the year dropped 15 percent from the same period a year earlier.	With the scandal hanging over Stewart's company, revenue the first quarter of the year dropped 15 percent from the same period a year earlier.
1	Kelly killed himself after being exposed as the source for a BBC report which claimed the government had embellished evidence of Iraq's banned weapons to justify the war.	He killed himself after being exposed as the source for a BBC report which claimed the government exaggerated the case for war against Iraq.
1	However, prosecutors have declined to take criminal action against guards, though Fine said his inquiry is not finished.	Prosecutors have declined to take criminal action against corrections officers, although Fine said his inquiry was not finished.
1	Baer said he had concluded that lawyers for the two victims have shown, albeit barely . . . that Iraq provided material support to bin Laden and al-Qaida.	Judge Harold Baer concluded Wednesday that lawyers for two victims have shown, albeit barely ... that Iraq provided material support to bin Laden and al-Qaida.
1	But White House spokesman Ari Fleischer said yesterday: The steps the Iranians claim to have taken in terms of capturing al-Qa'ida are insufficient.	The steps that the Iranians claim to have taken in terms of capturing al-Qaida are insufficient.
1	Buyers can purchase a Windows- and Office-loaded desktop for $298, excluding taxes, the report said.	Buyers can now choose a Windows- and Office-loaded desktop for 12,390 baht (US$298), excluding taxes, the report said.
1	Nordstrom also is expanding its play area in the children's clothes area, adding salt-water fish tanks and activities.	Nordstrom also is expanding its play area in the children’s clothes area, adding salt-water fish tanks and activities for children while their parents shop.
1	We believe the report is fully consistent with what the courts have ruled ... that the department's actions are fully within the law.	Comstock said several federal courts have ruled that the detentions are fully within the law.
1	The court's 1992 decision reaffirmed the basic findings of Roe protecting abortion choice but lessened the standards of protection guaranteed to women by Roe.	In a 1992 case, the Supreme Court reaffirmed the basic findings of Roe protecting abortion choice, but lessened the standards of protection guaranteed to women by Roe.
1	Qualcomm has enjoyed many years of selling CDMA chips against little or no competition.	Qualcomm has enjoyed many years of selling...against little or no competition, Hubach said in the statement.
0	The seizure took place at 4 a.m. on March 18, just hours before the first American air assault.	The time was about 4 a.m. on March 18, just hours before the first pinpoint missiles rained down on the capital.
1	The Securities and Exchange Commission yesterday said companies trading on the biggest U.S. markets must win shareholder approval before granting stock options and other stock-based compensation plans to corporate executives.	Companies trading on the biggest stock markets must get shareholder approval before granting stock options and other equity compensation under rules cleared yesterday by the Securities and Exchange Commission.
1	The Standard & Poor's 500 index declined 6.11, or 0.6 per cent, to 1003.27, having shed 19.67 in the previous session.	The Standard & Poor's 500 index declined by 4.39, or 0.4 percent, to 998.88, after losing 6.11 on Thursday.
0	But Nelson claims he did it because he was drunk on beer, not because Rosenbaum was jewish.	Those two witnesses say that Nelson confessed to killing Rosenbaum, but claimed he did it because he was drunk on beer.
1	US District Judge William M. Hoeveler's removal by his superior was a victory for US Sugar Corp., which led the fight for his ouster.	U.S. District Judge William M. Hoeveler's removal by his superior was a victory for U.S. Sugar Corp., which led the fight against Hoeveler.
1	CELF said IBM is pursuing membership and plans to be an active participant in the forum.	IBM is pursuing membership and plans to be an active participant in the CELF, according to various members of CELF.
1	The proceedings were taken up with prosecutors outlining their case against Amrozi, reading 33 pages of documents outlining allegations against him.	Proceedings were taken up with prosecutors outlining their case against Amrozi, reading a 33-page accusation letter to the court.
0	After losing as much as 84.56 earlier, the Dow Jones industrial average closed up 22.81, or 0.2 percent, at 9,340.45.	In midday trading, the Dow Jones industrial average lost 68.84, or 0.7 percent, to 9,248.80.
0	Larger rivals, including Tesco and Sainsbury’s, were excluded from the bid battle following a Competition Commission inquiry last month.	A Competition Commission inquiry last month has already excluded larger rivals Tesco, Asda and J Sainsbury from the bid race.
1	The broad Standard & Poor's 500 Index .SPX was up 8.79 points, or 0.96 percent, at 929.06.	The Standard & Poor's 500 Index gained 10.89, or 1.2 percent, to 931.12 as of 12:01 p.m. in New York.
1	The anticipated global sales improvement in the month of June did not materialize, said Chief Financial Officer Robert Rivet.	The anticipated global sales improvement in the month of June did not materialize as we had anticipated, the company said.
1	Josephine Burke, who ran the unlicensed daycare, eventually served four months in prison on misdemeanor assault and child neglect charges.	Josephine Burke, who ran the illegal day care, served four months in prison on misdemeanor assault and child-neglect charges.
0	A former teammate, Carlton Dotson, has been charged with the murder.	His body was found July 25, and former teammate Carlton Dotson has been charged in his shooting death.
1	Using bookmarks and back and forth buttons - we had about eighteen different things we had in mind for the browser, he told an industry audience in London yesterday.	Using bookmarks and back and forth buttons -- we had about eighteen different things we had in mind for the browser.
1	The virus spreads when unsuspecting computer users open file attachments in emails that contain familiar headings like Thank You! and Re: Details.	Sobig.F spreads when unsuspecting computer users open file attachments in e-mails that contain such familiar headings as Thank You!, Re: Details or Re: That Movie.
0	The Yankees, however, had big trouble handling Victor Zambrano (4-4) for the second straight time.	The Yankees wasted no time breaking through against Zambrano (4-4) in the rematch.
1	Kempenaers said some species are still faithful, notably swans and sea birds such as the albatross, which mate for life and are never unfaithful to their partners.	Kempenaers said fidelity still exists in some species, notably swans and sea birds such as the albatross that mate for life and are never unfaithful to their partners.
0	We do not use service members as guinea pigs, William Winkenwerder, assistant secretary of defense for health affairs, told a Pentagon briefing.	We stand behind this program, said Dr. William Winkenwerder, assistant secretary of defense for health affairs.
1	Medical investigators matched the body's teeth to Aronov's dental records this morning, medical examiner's spokeswoman Ellen Borakove said.	Investigators matched the dead womans teeth to Aronovs dental records Wednesday morning, medical examiners spokeswoman Ellen Borakove said.
1	So Sebastian did his best to convincingly confess to a crime that he didn't commit in order to survive, she told jurors.	Sebastian did his best to confess convincingly to a crime he didn't do in order to survive, Ms. Richardson declared.
0	Miodrag Zivkovic, of the Liberal Alliance of Montenegro, won 31 percent of the vote while the independent Dragan Hajdukovic got four percent.	Miodrag Zivkovic, the leader of the pro-independence opposition Liberal Alliance, came in second with 31 percent of the vote.
0	The conflict centers on a proposal to change a French unemployment fund for artists that takes into account their downtime between shows.	France has a unique unemployment fund for artists that takes into account their downtime between shows.
1	Mr Neil said that according to the source, the report will say its inspectors have not even unearthed minute amounts of nuclear, chemical or biological weapons material.	According to the BBC, the group's interim report will say its inspectors have not even unearthed minute amounts of nuclear, chemical or biological weapons material.
1	Governor Gray Davis estimated yesterday that the fires could cost nearly $2 billion.	State officials estimated the cost at nearly $2 billion.
1	It also hired Citigroup and Morgan Stanley to explore refinancing or restructuring of $175 million in senior notes due next year.	ATA also has hired Citigroup and Morgan Stanley to evaluate options for refinancing or restructuring $175 million of 10.5 percent senior notes due in August 2004.
1	People just love e-mail, and it really bothers them that spam is ruining such a good thing, said Deborah Fallows, the Pew researcher who wrote the report.	People just love e-mail, and it really bothers them that spam is ruining such a good thing, said Deborah Fallows, senior research fellow with the Pew project.
1	In case the company does not turn in the reports before the end of May, it is likely to be delisted, an SFC official said.	If the company did not turn in the results before the end of May, it was likely to be delisted, an SFC official said.
1	Some state lawmakers say they remain hopeful Bush will sign it, though they acknowledge pressure on the governor to do otherwise.	Some state legislators behind the bill say they remain hopeful Bush will sign the legislation, though they acknowledge pressure is building on the governor to do otherwise.
1	The top rate will go to 4.45 percent for all residents with taxable incomes above $500,000.	For residents with incomes above $500,000, the income-tax rate will increase to 4.45 percent.
0	Cullen is replacing former chief privacy officer Richard Purcell, who left earlier this year.	The job had been vacant since Richard Purcell left earlier this year.
1	The two cases concerned the admissions policies of the University of Michigan's law school and undergraduate college.	The two cases were from the University of Michigan, one involving undergraduate admissions and the other, law school admissions.
1	WHO spokeswoman Maria Cheng agreed, saying: It looks very much like an isolated event.	It looks very much like an isolated event, World Health Organization spokeswoman Maria Cheng said.
0	The tech-heavy Nasdaq Stock Markets composite index added 14.17 points or 0.94 per cent to 1,517.05.	The Nasdaq Composite index, full of technology stocks, was lately up around 18 points.
1	The program will grow to include ports in Dubai, Turkey and Malaysia, among others.	The program will be expanded to include areas of the Middle East such as Dubai, Turkey and Malaysia, Mr. Ridge said.
1	There were estimated to be between 400,000 and 750,000 Iraqis employed by state-owned enterprises, but most of the businesses were non- operative, he said.	There are estimated to be between 400,000 and 750,000 Iraqis employed by state-owned enterprises in Iraq, but most of the businesses are currently inoperative, he said.
1	Ten, two mobile homes and numerous outbuildings were destroyed by the now-smoldering fire northwest of Boulder.	He said eight or nine homes had been destroyed by the now-smoldering fire northwest of Boulder.
0	In that same time, the S&P and the Nasdaq have gained about 3.5 percent.	The Nasdaq composite gained 4.78 to 1,955.80, having edged up 0.1 percent last week.
1	IBM of the US and Infineon Technologies of Germany will today announce a technological development that could threaten multi-billion dollar memory chip markets.	IBMof the US andInfineon Technologies of Germany willon Tuesdayannounce a technological development that could threaten multi-billion dollar memory chip markets.
1	The companies uniformly declined to give specific numbers on customer turnover, saying they will release those figures only when they report overall company performance at year-end.	The companies, however, declined to give specifics on customer turnover, saying they would release figures only when they report their overall company performance.
1	About 400 of those taken into custody were charged with manufacturing or distributing child pornography on the Internet.	The largest number of arrests, about 400, were on charges of manufacturing or distributing child pornography on the Internet.
1	He was in Cincinnati helping another daughter move when the tragedy occurred, friends said.	Rowell, 57, was out of state helping his wife's daughter move when the tragedy occurred, friends said.
1	Mr. Carter, who won the Nobel Peace Prize last year, met here today with Japan's prime minister, Junichiro Koizumi.	Carter, who received the Nobel Peace Prize last year, met in Tokyo yesterday with Japan's prime minister, Junichiro Koizumi.
0	Fletcher will not do that, said his campaign manager, Daniel Groves.	Richardson and Fletcher campaign manager Daniel Groves rejected the request.
1	A few thousand troops, most from the division's 3rd Brigade Combat Team based at Fort Benning in Columbus, began returning last week, with flights continuing through Friday.	Several thousand 3rd Infantry troops, including the 3rd Brigade Combat Team based at Fort Benning in Columbus, Ga., began returning last week.
1	We must defend those whom we dislike or even despise, said Neal R. Sonnett, a Miami lawyer who led an association panel on enemy combatants.	We must defend those whom we dislike or even despise, said Neal Sonnett, a Miami lawyer who headed an ABA task force on enemy combatants.
1	The group criticizing Schwarzenegger, the League of United Latin American Citizens, said the Austrian-born actor's advisory board position brings into question his commitment to Latinos.	The League of United Latin American Citizens, the group criticizing Schwarzenegger, said the Austrian-born actor's advisory board position brings into question his commitment to Hispanics.
0	If the other rating agencies also downgrade us..	The two other national rating agencies are waiting to take action.
1	In Virginia, Mr. Kilgore, a Republican, accused the court of undermining Virginia's right to pass legislation that reflects the views and values of our citizens.	The Virginia attorney-general, Jerry Kilgore, accused the Supreme Court of undermining Virginia's right to pass legislation that reflects the views and values of our citizens.
1	Tibco has used the Rendezvous name since 1994 for several of its technology products, according to the Palo Alto, California company.	Tibco has used the Rendezvous name since 1994 for several of its technology products, it said.
0	Police investigating a fatal hit-and-run accident conducted a search Monday at the home of Bishop Thomas O'Brien, head of the Roman Catholic Diocese of Phoenix.	Police investigating a deadly hit-and-run accident went to the home of Phoenix's Roman Catholic bishop on Monday and found the windshield of his car caved in, authorities said.
0	On Monday the Palestinian Prime Minister, Mahmoud Abbas, will report to the Palestinian parliament on his Government's achievements in its first 100 days in office.	Palestinian Prime Minister Mahmoud Abbas must defend the record of his first 100 days in office before Parliament today as the death toll in the occupied territories continues to rise.
0	The dead woman was also wearing a ring and a Cartier watch.	It's a blond-haired woman wearing a Cartier watch on her wrist, the source said.
1	A federal magistrate in Fort Lauderdale ordered him held without bail.	Zuccarini was ordered held without bail Wednesday by a federal judge in Fort Lauderdale, Fla.
0	The airline says only Robert Milton is taking a 15-per-cent reduction in pay.	The airline's pilots, for example, are taking a 15-per-cent cut.
0	The Chelsea defender Marcel Desailly has been the latest to speak out.	Marcel Desailly, the France captain and Chelsea defender, believes the latter is true.
0	He was arrested Tuesday night at a northwest Atlanta tire shop after a national manhunt.	He was arrested in Atlanta, Georgia, on Monday night by police acting on a tip-off.
0	All three had criminal records for stealing cattle, the statement said.	It said they all had criminal records for stealing cattle and Lamas was twice imprisoned for armed robbery.
0	It decided instead to issue them before the stock market opened Monday after the downgrade of its debt late Friday by Moody's, the credit rating agency.	It decided instead to issue them before the stock market opened Monday to counteract the downgrade of its debt late Friday by Moody's to one step above junk status.
1	The dollar rose 0.6 percent to 109.54 yen<JPY=> and climbed more than 1 percent to 1.3315 Swiss francs<CHF=>.	The dollar rose around 0.6 percent against the Japanese currency to 109.51 yen <JPY=> and climbed 1 percent against the Swiss franc to 1.3302 francs <CHF=>.
1	Roberts said his committee was briefed about a week ago about the likelihood of a major attack in Saudi Arabia.	Roberts said on Fox News Sunday that said his committee was briefed about a week ago about the likelihood of an attack in Saudi Arabia.
1	French retirees will increase from one fifth to a third of the population by 2040.	By 2040, retirees will account for a third of the population, up from a fifth today.
0	The effort is the Bush administration's latest effort to expand the role of religious organizations in government services.	July 10 - The Bush administration's latest effort to expand the role of religious organizations in government services enlists church-based youth groups in anti-drug programs.
1	The Production Index rose by 1.4 percentage points from 51.5 percent in May to 52.9 percent in June.	The production index rose to 52.9 percent from 51.5 percent in May.
1	The Federal Open Market Committee meeting gets under way on Tuesday with a monetary policy decision due on Wednesday.	The Federal Open Market Committee will end its two-day policy-setting meeting and announce its decision on Wednesday.
0	Billy Hodge, 11, is engrossed with the Harry Potter series books.	Indeed, the Harry Potter series stands in a class by itself.
1	Sendmail said the system can even be set up to permit business-only usage.	The product can be instructed to permit business-only use, according to Sendmail.
0	It also named Robert Willumstad chief operating officer, also to take effect by Jan. 1, 2004.	Robert B. Willumstad, 57, Citigroup's president, was named chief operating officer.
1	She noted some fast-food chains, including McDonald's, already display calorie information in their stores or on their Web sites.	She said some fast-food chains already display calorie information about their meals on their Web sites.
1	Labor's Julia Gillard said it was a major failure of coastal surveillance.	Opposition politicians have described it as a major failure in coastal surveillance.
1	Randall Simon singled to right for the second run.	Randall Simon followed with an RBI single to right.
1	Southwest said it had already inspected its fleet of 385 aircraft and found no additional suspicious items.	Southwest said it completed inspections of its entire fleet of 385 aircraft and found no additional items.
0	Humphries, and his father William, were on the IU campus Wednesday afternoon and Thursday morning.	Humphries, and his father, William, arrived at IU in the early afternoon and spent the day with IU coach Mike Davis.
1	But the country is scrambling to prevent it spreading to the vast countryside where most of its 1.3 billion people live.	China is scrambling to stop the disease from spreading to the countryside, where most of its 1.3 billion people live.
1	At midday Saturday, automatic gunfire rattled windows in the Qadesiyah neighborhood, a largely Arab area that borders a Kurdish quarter.	Automatic gunfire rattled windows in the Qadesiya neighborhood at midday today, a largely Arab area that borders a Kurdish quarter.
1	Canada won't commit more troops to Afghanistan until the current year-long mission is complete, Prime Minister Jean Chretien said yesterday.	Canada will not consider sending more troops to Afghanistan until its current 12-month peacekeeping mission is complete, Prime Minister Jean Chretien said Saturday.
1	They also are reshaping the retail business relationship elsewhere, as companies take away ideas and practices that change how they do business in their own firms and with others.	They also are reshaping the retail-business relationship, as companies take away concepts and practices that change how they do business internally and with others.
1	The priest, the Rev. John F. Johnston, 64, of 35th Avenue in Jackson Heights, was charged with aggravated harassment and criminal possession of a weapon.	The Rev. John Johnston, 64, was charged with aggravated harassment in the phone call case and with criminal possession of a weapon, according to a police statement.
1	The move to rein in losses at its four boutique outlets comes as the retailer seeks to cap the cost of doing business.	The move to rein in the losses of the four upmarket food outlets comes as the retailer seeks to cap the cost of doing business.
0	It can store more than a gigabyte of information equivalent to around 12 hours of music in one cubic centimetre.	And it can store more than a gigabyte of information - equivalent to 1,000 high quality images or around 12 hours of music - in just one cubic centimetre.
1	In 2001, Evan helped found an after-school nonviolence program named after a college student shot and killed by a teen gang member, said Alexis Lukas, the program supervisor.	In 2001, Nash helped found an after-school nonviolence program named after a college student who was fatally shot by a 14-year-old gang member, program supervisor Alexis Lukas said.
1	A discouraging outlook from General Electric Co. sent its share down 81 cents (U.S.) or 2.7 per cent to $29.32.	A discouraging outlook from GE sent the company's shares down 81 cents (U.S.) or 2.7 per cent to $29.32.
1	BOSTON The Catholic archdiocese in Boston has offered $55 million to settle more than 500 clergy sex abuse lawsuits, according to a document obtained by The Associated Press.	The American Roman Catholic archdiocese of Boston has offered $55 million to settle more than 500 sex abuse lawsuits involving priests.
1	Taiwan ranked No. 3 in the world behind China and Hong Kong for SARS deaths and cases.	Taiwan ranked No. 3 on the global list for deaths and cases, behind China and Hong Kong.
1	A passer-by found Ben hiding along a dirt road in Spanish Fork Canyon about 7 p.m., with his hands still taped together but his feet free.	A passer-by found the boy hiding along a dirt road in Spanish Fork Canyon about 7 p.m. Thursday, with his feet free but his hands still taped.
0	Indeed, Mr. Weill, a self-described workaholic, said he planned to remain very involved in the company.	Still, Mr. Weill will remain very much a power at the company.
0	Cohen recessed the hearing until this afternoon and said he expected to issue his findings next week.	After a day of testimony, Cohen recessed the hearing until this afternoon.
0	To reach John A. Dvorak, who covers Kansas, call (816) 234-7743 or send e-mail to jdvorak@kctar.com.	To reach Brad Cooper, Johnson County municipal reporter, call (816) 234-7724 or send e-mail to bcooper@kcstar.com.
0	Their contract will expire at 12:01 a.m. Wednesday instead of 12:01 a.m. Sunday, said Rian Wathen, organizing director for United Food and Commercial Workers Local 700.	It has outraged the membership, said Rian Wathen, organizing director of United Food and Commercial Workers Local 700.
1	This integrates with Rational PurifyPlus and allows developers to work in supported versions of Java, Visual C# and Visual Basic .NET.	IBM said the Rational products were also integrated with Rational PurifyPlus, which allows developers to work in Java, Visual C# and VisualBasic .Net.
0	The technology-laced Nasdaq Composite Index .IXIC edged up 2.84 points, or 0.18 percent, at 1,593.59.	The broader Standard & Poor's 500 Index .SPX added 1.14 points, or 0.12 percent, at 968.14.
1	He adds: She started beating me with her hands about the head until I ran into the other room.	She started beating me with her hands about the head until I ran into the other room, Mr Gest says of one incident.
0	The S&P/TSX composite rose 87.74 points on the week, while the TSX Venture Exchange composite gained 44.49 points.	On the week, the Dow Jones industrial average rose 11.56 points, while the Nasdaq Stock Market gained 39.42 points.
1	The stock closed Friday at $5.91, down $1.24, or 17 percent, on the Nasdaq Stock Market.	Shares of Brocade closed at $5.91, down $1.24, or 17.3 percent.
1	A photograph of the doctor's son, Ariel, holding the guitar appeared in the National Enquirer two weeks after Harrison's death.	A picture of the doctor's son holding the guitar appeared in the National Enquirer just two weeks after George died.
1	State Rep. Ron Wilson, D-Houston, joined committee Republicans in voting for the map.	State Rep. Ron Wilson, a Houston Democrat, joined nine Republicans in approving the bill Saturday.
1	Cindy Yeast, a 50-year-old Washington-area publicist, says she began taking supplements two years ago in part to avoid mild dementia that affects her elderly parents.	She started taking supplements two years ago - partly to stave off mild dementia that affects her elderly parents.
1	A Commerce spokesman issued a brief statement late Friday, noting that the task force evaluated regions of the world that are vital to global energy supply.	The energy task force evaluated regions of the world that are vital to global energy supply, the statement said.
1	They named the man charged as Noureddinne Mouleff, a 36-year-old of North African origin who was arrested in the southern coastal town of Eastbourne last week.	Last week, Nur al-Din Muliff, a 36-year-old of North African origin, was arrested in the southern coastal town of Eastbourne.
1	The American Chamber of Commerce and InvestHK, which oversees investment into the territory, are talking to other bands to ask them to step in.	The American Chamber of Commerce and InvestHK, which oversees investment into the territory, is talking to other bands to replace the Stones.
0	The American conservatives are clearly in the minority within the Episcopal Church.	The letter indicates the Vatican's interest in bolstering conservatives within the Episcopal Church.
0	Mr Li, deputy chairman of Cheung Kong Holdings, is the son of Hong Kong billionaire Li Ka-shing.	Li is the deputy chairman of Cheung Kong (Holdings) Ltd. <0001.HK>.
0	The lawyer representing Torch Concepts, Rich Marsden did not respond to repeated phone calls.	Officials with Torch and JetBlue did not respond to repeated phone calls from the Mercury News seeking comment.
1	Clayton's shares were also suspended from trading on the New York Stock Exchange.	Clayton Homes' stock ceased trading on the New York Stock Exchange after Wednesday's close.
0	Both Estrada and Honasan have denied any involvement in the failed military rebellion.	Mr Estrada has denied any involvement in the plot.
0	Elsewhere in the diary, Truman showed a more familiar side, colorful and outspoken in his disdain for life in the White House.	History aside, the diary reveals a colorful, witty, introspective and irreverent president outspoken in his disdain for life in the White House.
1	There were, said board member and Nobel-prize winning Stanford physicist Douglas Osheroff, some extremely bad decisions.	Board member Douglas Osheroff, a Nobel-prize winning Stanford physicist, said: There were some extremely bad decisions.
0	After the war she spent three years in custody but tribunals cleared her of any wrongdoing.	After the war, she spent three years under Allied arrest.
1	The Cavaliers won the right Thursday to select James in the June 26 draft.	The Cleveland Cavaliers won the right to draft James by winning the NBA's annual lottery Thursday night.
1	They said: “We believe that the time has come for legislation to make public places smoke-free.	The time has come to make public places smoke-free, they wrote in a letter to the Times newspaper.
1	It also said it expects a civil complaint by the Securities and Exchange Commission.	Stewart also faces a separate investigation by the Securities and Exchange Commission.
0	Security forces stormed the building, but 129 hostages were killed along with the attackers.	Russian forces stormed the building to free the hostages but 129 people died in the operation.
1	Analysts attributed the increase in part to negative news from bankrupt competitor WorldCom Inc. WCOEQ.PK and talk that AT&T could be a takeover target.	Analysts attributed its rise to negative news from bankrupt competitor WorldCom Inc. <WCOEQ.PK> and talk that AT&T could be a takeover target, among other factors.
1	Late last year, for example, more than 1800 US soldiers were placed in Djibouti to conduct counter-terrorism operations in the Horn of Africa.	Since late last year, for example, more than 1,800 members of the American military have been placed in Djibouti to conduct counterterrorism operations in the Horn of Africa.
1	A $500 million natural-gas-fired power plant, for example, could replace up to $100 million in boilers yearly without adding new smog controls.	A $500 million coal-fired power plant, for example, could replace $100 million in equipment yearly without adding new pollution controls.
1	PG&E Corp. shares were up 39 cents or 2.6 percent at $15.59 on the New York Stock Exchange on Tuesday.	PG&E's shares gained 24 cents to $15.44 during Tuesday's trading on the New York Stock Exchange.
1	In trading on the New York Stock Exchange, Kraft shares fell 25 cents to close at $32.30.	Kraft's shares fell 25 cents to close at $32.30 yesterday on the New York Stock Exchange.
1	A prosecutor said investigators were searching his home in Muenster in the presence of his wife when news of his death arrived.	Investigators were searching his home in Muenster in the presence of his wife when news of his death came, prosecutor Wolfgang Schweer said.
1	Nearly 2,000 pages of transcripts were ordered to be made public after a legal action by the New York Times.	The emotional communications were made public after a legal skirmish between the authority and The New York Times.
1	Smith found the cigarette tax falls on the tobacco consumer, not the tribe, meaning the tribe is simply an agent for collecting a tax.	Smith ruled that the state's tax falls on the tobacco consumer, not the tribe, making the tribe simply an agent for collecting the tax.
1	Mr. Brendsel is expected to remain with the Freddie Mac Foundation.	Freddie expects Brendsel to continue serving as chair of the Freddie Mac Foundation.
1	Delta personnel at Hartsfield-Jackson International Airport were scrambling all day to find alternate flights -- even on other airlines, when necessary -- to move the inconvenienced passengers.	Delta personnel at Atlanta's Hartsfield-Jackson International Airport scrambled all day to find alternate flights -- including seats on other airlines -- to move the inconvenienced passengers.
1	At his sentencing, Avants had tubes in his nose and a portable oxygen tank beside him.	Avants, wearing a light brown jumpsuit, had tubes in his nose and a portable oxygen tank beside him.
0	The Senate's proposal will need the support of the Democrat-led Assembly and Pataki to become law.	Even if the Senate approves the proposals, they would require the support of the Democrat-led Assembly and Gov. George Pataki to become law.
1	The diocese reached a settlement in 2001 involving five priests and 26 plaintiffs for an undisclosed sum.	In 2001, the diocese reached a $15 million settlement involving five priests and 26 plaintiffs.
1	Removing the waiver means nothing when Oracle still has pending litigation in Delaware that opposes the PeopleSoft/J.D. Edwards transaction, PeopleSoft responded.	In a public statement, a spokesperson said: Removing the waiver means nothing when Oracle still has pending litigation in Delaware that opposes the PeopleSoft/J.D. Edwards transaction.
1	There is no need for one deadline for all to create the ASEAN Economic Community, Thaksin said.	Thus, he said, there did not have to one deadline to create the economic community.
1	Senate passage of the Medicare bill was almost certain, possibly as early as today.	Senate passage of the Medicare bill is almost certain Monday.
0	Cable high-speed lines increased 32.2 percent to 243,143.	For the full year, high-speed ADSL increased by 64 percent.
0	The parade, which moves west along Eastern Parkway in the Crown Heights section of Brooklyn, went through the district Davis represented.	The parade, which moved west along Eastern Parkway in Crown Heights past hundreds of thousands of spectators, went through the district that Davis represented.
0	He gave a surprisingly impassioned speech to the United Steelworkers of America, who announced their endorsement yesterday.	On Tuesday, he picked up the endorsement of the United Steelworkers of America.
1	He wants to kill him, but then I suppose I'd be that angry too if somebody tried to kill my old man, he said.	He's wild, he wants to kill him, but then I suppose I'd be that angry too if somebody tried to kill my old man.
1	Special, sensitive light sensors pick up the telltale glow, he said.	A sensitive light detector then looks for the telltale blue glow.
1	The SEC specifically advised IBM that this is a fact-finding investigation and that it has not reached any conclusions related to this matter, IBM said in a statement.	Big Blue says the SEC calls the action a fact-finding investigation and has not reached any conclusions related to this matter.
0	Yeager said the suspect in the Target attack showed tendencies of being a prior offender.	Yeager said the incident appeared to be isolated, but the suspect showed tendencies of being a prior offender.
1	It's probably not the easiest time to take over the shuttle program, he added, but I look forward to the challenge.	It is probably not the easiest time to come in and take over the shuttle program, but then again, I look forward to the challenge, he said.
0	But it is clear that the Joint Intelligence Committee was not involved.	This report was cleared by the Joint Intelligence Committee.
1	Biotech products, if anything, may be safer than conventional products because of all the testing, Fraley said.	Biotech products, if anything, may be safer than conventional products because of all the testing, said Robert Fraley, Monsanto's executive vice president.
0	It was developed with consultation from more than 300 leaders in academia, industry, government and the public.	The plan, called The NIH Roadmap, was developed over 14 months with help from more than 300 consultants in industry and academia.
1	The tendency to feel rejection as an acute pain may have developed in humans as a defensive mechanism for the species, said Eisenberger.	Feeling rejection as an acute pain may have developed as a defence mechanism for the species, Eisenberger said.
0	Spot gold was quoted at $367.90/368.60 an ounce at 1000 GMT, having marched up to $369.50 -- a level not seen since February 10.	Spot gold was quoted at $358.65/359.15 an ounce at 0500 GMT, having darted as high as $359.25 -- a level not seen since February 25.
1	Their difference was over whether the court should pay attention to legal opinions of other world courts, such as the European Court of Human Rights.	Their difference was over whether the court should take into account the legal opinions of other world courts, like the European Court of Human Rights.
1	Belgium said Saturday it has decided to scrap a controversial war crimes law which has seen cases launched against President Bush and Israeli Prime Minister Ariel Sharon.	Belgium said yesterday that it has decided to scrap a war crimes law used to launch cases against President Bush and Prime Minister Ariel Sharon of Israel.
1	Sharon says he is willing to free the two as holding them will not bring back Arad, who Israel believes is held by Iran.	Sharon has said he is willing to free Dirani and Obeid because holding them will not bring back Arad, who Israel believes is held by Iran.
0	Making jokes about a mistake like that, that's not something good people do.	They feel so happy making jokes about a mistake like that, Sosa said.
1	Both figures were below consensus expectations, but August sales were revised to a 1.2 percent increase from a previously reported 0.6 percent gain, fueling a dollar rally.	But August sales were revised to a 1.2 percent increase from a previously reported 0.6 percent gain, fuelling a dollar rally.
1	A really robust program could be had for about 20 cents a day, Griffin said.	A really robust space program could be had for a mere 20 cents a day from each person, he said.
0	Police suspected that Shaichat, 20, had been abducted either by Palestinians or by Israeli Arabs.	Nobody claimed responsibility for Schaichat's death, but police suspect that the 20-year-old soldier was abducted either by Palestinians or Israeli Arabs.
1	Subsequently, some bondholders have filed suit to block the exchange offer.	Bondholders of Mirant Americas Generation subsequently filed suit against Mirant seeking to block the exchange offer.
1	The remains of three illegal immigrants were found Tuesday in a sweltering railroad car after fellow immigrants escaped and left behind their weakened companions.	Three undocumented immigrants were found dead inside a railroad hopper car Tuesday, two days after fellow immigrants escaped the sweltering car and left behind their weakened companions.
1	Sanchez de Lozada promised a referendum on a controversial gas project, a reform of a free market energy law and constitutional reforms.	Sanchez de Lozada promised a referendum on the gas project, a reform of energy laws and constitutional changes.
1	Mr. Rollins made $721,154 in salary and $243,389 in bonuses in the prior fiscal year.	Kevin Rollins, Dell's president, received $770,962 in salary and a bonus of just more than $2 million in fiscal 2003.
0	One way or another, Harry Potter And The Order Of The Phoenix will be in your hands by Saturday.	Just about everything about Harry Potter and the Order of the Phoenix will set records.
0	The San Jose-based company posted a net income of $64.2 million, or 27 cents per share, in the quarter ended May 30.	That was up from the year-ago quarter, when the company earned $54.3 million, or 22 cents a share.
1	Overwhelmingly the Windows brand really resonated with them.	Windows was the part of the experience that really resonated with people.
1	Other changes in the plan refine his original vision, Libeskind said.	Many of the changes are improvements to the original plan, Libeskind said.
1	Additionally, the new Server Admin tool is intended to make it easy for system administrators to set up, manage and monitor the services built into Panther Server.	In addition, Apple's new Server Admin tool makes it easy for system administrators to set up, manage and monitor the complete set of services built into Panther Server.
0	The Securities and Exchange Commission brought a related civil case on Thursday.	The Securities and Exchange Commission filed a civil fraud suit against the teen in Boston.
1	The German financial regulator, BaFin, may prove critical of WestLB's risk assessment.	An investigation by BaFin, the German financial regulator, has condemned the bank's risk controls.
1	He would often call me for advice, said Ronald L. Kuby, a friend and well-known lawyer who had represented him in the harassment case.	He would often call me for advice, said lawyer Ron Kuby, a friend who had represented him in court.
1	Prisoners were tortured and executed -- their ears and scalps severed for souvenirs.	They frequently tortured and shot prisoners, severing ears and scalps for souvenirs.
0	With the power back on, state workers headed back to their jobs Friday morning.	Pataki said if power was restored, state workers would be back on the job Friday morning.
0	The benchmark 10-year Bund yield was down 5.2 basis points at 3.60 percent.	The Swedish central bank cut interest rates by 50 basis points to 3.0 percent.
1	Nonetheless, the economy has yet to exhibit sustainable growth.	But the economy hasn't shown signs of sustainable growth.
0	Combined, the companies will have about $2.8 billion in annual revenues, 13,000 employees and more than 11,000 customers in 150 countries.	The deal creates a company with about $2.8bn in annual revenues with 13,000 employees and 11,000 customers.
1	While Bolton apparently fell and was immobilized, Selenski used the mattress to scale a 10-foot, razor-wire fence, Fischi said.	After the other inmate fell, Selenski used the mattress to scale a 10-foot, razor-wire fence, Fischi said.
